{"cameraMode":{"drawMode":0,"name":"Shaded","section":"Shading Mode"},"sceneLighting":true,"audioPlay":false,"sceneViewState":{"m_AlwaysRefresh":false,"showFog":true,"showSkybox":true,"showFlares":true,"showImageEffects":true,"showParticleSystems":true,"showVisualEffectGraphs":true,"m_FxEnabled":true},"in2DMode":false,"pivot":{"x":-0.09166964888572693,"y":1.0126744508743287,"z":-9.933995246887207},"rotation":{"x":0.28325212001800539,"y":0.4569682776927948,"z":-0.15621575713157655,"w":0.8285800814628601},"size":15.00827693939209,"orthographic":true}